period,source_lane,status,update
2022-12-29..2022-12-31,military_intelligence,In progress,"Targeted IDF/MI/Southern Command/Gaza Division search; no distinct warning event in this short period crossed threshold."
2023-01,military_intelligence,In progress,"Targeted military/intelligence warning search; no new distinct event or primary-document upgrade crossed threshold."
2023-02,military_intelligence,In progress,"Targeted military/intelligence warning search; known readiness/security records remain controlling; no new distinct lane-1 event crossed threshold."
2023-03,military_intelligence,In progress,"Rechecked Gallant/Halevi/MI readiness-deterrence chains against Notion to avoid stale-state duplication; WARN-66 and related Halevi warnings are already published. No new event added."
2023-04,military_intelligence,In progress,"Rechecked April Hamas-attack alert/SIM-card evidence. Shin Bet's later inquiry confirms 37 Israeli SIMs were activated during Ramadan 2023, but public evidence does not show that this episode was contemporaneously interpreted or delivered as an attack warning. Tracked as context only, not Accepted."
2023-05,military_intelligence,In progress,"Rechecked Hamas exercise/SIM and Unit 8200 warning chains. Later evidence distinguishes retrospectively discovered Hamas mobilization meaning from what Israeli intelligence understood in real time; no duplicate warning created."
2023-06,military_intelligence,In progress,"Targeted IDF/MI/Southern Command/Gaza Division search; existing warning chains remain controlling and no additional distinct event crossed threshold."
2023-07,military_intelligence,In progress,"Rechecked Unit 8200 NCO V's 6-12 Jul warning/rejection chain. WARN-22 already captures the contemporaneous email and later IDF/disciplinary corroboration; no duplicate or status change."
2023-08,military_intelligence,In progress,"Rechecked Gaza Division/Southern Command and Haim Cohen retrospective preemptive-strike claim. No contemporaneous corroboration or qualifying receipt record recovered; Cohen remains disputed/unresolved."
2023-09,military_intelligence,In progress,"Rechecked Gaza Division raid assessments, Unit 8200 warnings, 19 Sep hostage document and 26-28 Sep breach-point/rebuttal chain. WARN-14/WARN-143 and related entries already cover the strongest document-based events; no duplicate created."
2023-10-01..2023-10-06,military_intelligence,In progress,"Rechecked final-days IDF/MI warning chains, including Saar's 6 Oct draft and last-night indicators. Saar remains internal-only because no evidence shows PM/cabinet receipt before the attack; existing last-night events remain separately catalogued."
pre-2022-12-29,older_inherited_warnings,In progress,"Rechecked prior SIM-activation comparison episodes and inherited Gaza-threat knowledge. Ramadan 2023/Oct 2022 SIM activity is useful explanatory context for later assessments, but no new older warning to current-government recipients was established."
ALL,freshness_document_upgrade,In progress,"Fresh web pass through 24 Sep 2026 found no new primary/documentary evidence changing the classification of accepted or disputed warnings. Recent UAE/Qatar/MI releases are already incorporated in Notion."
ALL,state_reconciliation,In progress,"Lane 1 completed this pass. No new Accepted warning; canonical Accepted count remains 144. No month promoted to Complete. RUN_STATE advances next deep lane to Lane 2."