candidate_id,period,status,warning_source,recipient,warning_summary,evidence_state,gaps
WARN-1,2023-03-19,Accepted,Brig. Gen. Amit Saar / IDF Military Intelligence Research Division,Benjamin Netanyahu,"Strategic warning that Iran, Hezbollah and Hamas saw Israel's internal crisis and weakening cohesion as an opportunity, raising escalation risk.","IDF later formally confirmed four MI warning documents were delivered to Netanyahu between March and July 2023; reporting identifies March 19 as Saar's first letter. Published to Notion with PMO limiting context preserved.","No specific public record of Netanyahu's response to this individual letter; not a specific Gaza invasion warning."
WARN-2,2023-07-16,Accepted,Brig. Gen. Amit Saar / IDF Military Intelligence Research Division,Benjamin Netanyahu,"Second strategic warning that deepening internal crisis was eroding deterrence and increasing escalation risk.","IDF FOIA confirmation establishes direct receipt of four MI documents; multiple reports identify July 16 as Saar's second letter. Published to Notion with PMO limiting context preserved.","Reconcile newly released September 2026 reporting and imagery referring to a July 23 Saar letter/document; no specific public record of response."
IDF-FOIA-REMAINING-2023,2023-03..2023-07,Investigating,IDF Military Intelligence,Benjamin Netanyahu,"The other two of the four MI warning documents formally acknowledged by the IDF, including a May 31 document referenced by the PMO.","Official IDF FOIA response establishes four documents; PMO publicly described a May 31 assessment recommending regional de-escalation and an arrangement with Hamas in Gaza. September 2026 Ynet reporting now exposes an additional July 23 Saar warning excerpt containing Hamas-linked backchannel material.","Recover full metadata/content of all four documents and determine whether July 23 is distinct from the previously reported July 16 warning or a date/identity correction."
SAAR-JULY-DATE-RECONCILIATION,2023-07,Strong candidate / dedupe reconciliation,Brig. Gen. Amit Saar / IDF Military Intelligence Research Division,Benjamin Netanyahu,"Reporting identifies a July 16 warning while newly released September 2026 reporting shows and quotes a July 23 warning letter carrying Hamas-linked backchannel material about multiple ignition points and regional conflagration.","July 16 is supported by 2023 reporting; September 2026 Ynet reporting says censorship cleared an excerpt/image from a July 23 letter and identifies it as Saar's most severe warning, delivered to Netanyahu and the government.","Recover document metadata/full text or authoritative chronology before deciding whether July 23 is a new canonical warning, a separate third/fourth MI document, or a correction to the July 16 date. Do not duplicate WARN-2."
MI-APR12-2023-POLITICAL-ECHELON,2023-04-12,Strong candidate / investigating,IDF Military Intelligence,Israeli political echelon; named recipients unresolved,"MI warned the political echelon that war was closer than calm, that tensions could persist after Ramadan, and that Israeli deterrence was eroding amid multi-front pressure.","Contemporaneous Walla reporting on April 12, 2023 attributes the assessment directly to Military Intelligence and says it had been delivered to the political echelon; contemporaneous republication exists.","Need named recipient/forum, primary briefing material or independent high-quality corroboration before acceptance. Distinguish this from Saar's March/July letters."
BAR-JUL23-2023,2023-07-23,Accepted,Ronen Bar / Shin Bet,Benjamin Netanyahu,"General strategic warning of war: Bar said adversaries perceived Israeli weakness and he could not specify when or how war would erupt.","Ynet and Channel 12/Uvda independently reported the direct secure warning to Netanyahu; Bar later stated under oath that in July 2023 he personally conveyed the severity to Netanyahu in terms analogous to a warning of war. Published to Notion as Medium confidence with Netanyahu/PMO denial and non-Gaza scope preserved.","No contemporaneous public transcript; exact date has a July 23/24 discrepancy; Netanyahu's sworn response disputes the characterization and says it is absent from official security stenograms. Do not classify as a Gaza-specific warning."
BAR-APR23-DETERRENCE,2023-04,Strong candidate / investigating,Ronen Bar / Shin Bet,Political echelon; exact recipient unresolved,"Shin Bet warned that adversaries saw a window of opportunity amid internal division and Israel could face a perfect storm; Bar says the service recommended a targeted forceful move to halt deterrence erosion.","Bar's April 2025 sworn High Court affidavit explicitly describes the April 2023 recommendation and broader warnings to the political echelon. Lane-2 recheck on 2026-09-21 found no independent contemporaneous briefing record or authoritative inquiry finding establishing the exact event.","Recover exact April date, forum, recipients and contemporaneous or independently corroborating evidence before treating it as a distinct government warning event."
BAR-MAY21-2023-GAZA-CAMPAIGN,2023-05-21,Accepted / disputed,Ronen Bar / Shin Bet,Benjamin Netanyahu,"Haaretz protocol-based reporting says Bar told Netanyahu Hamas was the next challenge and a Gaza campaign would be unavoidable; PMO says the same meeting conveyed the opposite assessment that Hamas was deterred and sought stability.","Published to Notion as WARN-16 / Medium confidence. Detailed Haaretz reporting says it reviewed meeting protocols/summaries; Ynet reproduces both the warning and PMO's categorical contradictory account. The underlying official protocol is not public.","Preserve the direct conflict over Bar's recommendation and Netanyahu's response; do not characterize the warning as ignored or rejected as a settled fact."
BAR-JUN11-2023-RESOURCE-DIVERSION,2023-06-11,Accepted,Ronen Bar / Shin Bet,Benjamin Netanyahu / ministerial meeting,"Bar warned that using Shin Bet broadly for ordinary organized-crime policing would divert resources from counterterrorism, risk exposing sources and could damage the organization/national security mission.","Published to Notion as WARN-37 / High confidence. Contemporaneous reporting identifies the Netanyahu-chaired meeting, participants, Bar's counterterror-resource warning and Netanyahu's instruction to prepare for Shin Bet involvement despite the objection.","Later implementation was narrower than a blanket transfer of responsibility; do not infer any Oct. 7 causal effect."
POLICE-JUN9-2023-CAPACITY-WARNING,2023-06-09,Accepted,6 former police commissioners and 42 retired senior police commanders,Benjamin Netanyahu,"Direct letter warning of the expected collapse of Israel Police and severe national-security institutional degradation.","Published to Notion as WARN-7 / High confidence. Contemporaneous Ynet and Times of Israel identify the signatories, Netanyahu as addressee and the central warning; on June 11 former commissioner Shlomo Aharonishki said Netanyahu had not responded to the letter.","Do not conflate with the distinct June 6 serving-police operational-capacity warning published separately as WARN-108."
BAR-JUL23-DATE-CHECK,2023-07-23..2023-07-24,Resolved with caveat,Ronen Bar / Shin Bet,Benjamin Netanyahu,"Date reconciliation for the accepted July warning.","Uvda/Times of Israel and several reports place the secure call on July 23; one Ynet version says July 24. Accepted record uses July 23 with discrepancy disclosed.","Only revise if primary metadata resolves the one-day discrepancy."
BAR-AUG23-PALESTINIAN-ESCALATION,2023-08-01..2023-08-04,Accepted,Ronen Bar / Shin Bet,Benjamin Netanyahu,"Strategic warning that Jewish extremist violence against Palestinians was fueling Palestinian terrorism, drawing additional people into violence and benefiting Hamas and Palestinian Islamic Jihad.","Ynet reported the warning contemporaneously on Aug. 6 and said Bar had placed it before Netanyahu before that weekend; Times of Israel independently reported the warning and subsequent coalition backlash. Netanyahu's office then publicly expressed support for Bar. Published to Notion as Medium confidence.","Exact private assessment date and full record are not public. Treat as a Palestinian-arena security deterioration warning, not a specific Gaza invasion warning."
BAR-MIDSEP-2023-MULTIFRONT,2023-09,Resolved / deduped into WARN-15,Ronen Bar / Shin Bet,Benjamin Netanyahu / service-chiefs committee,"N12 reports that after an early-September Shin Bet discussion titled readiness for a campaign in Gaza, Bar requested a service-chiefs committee and warned in mid-September that Israel was heading toward a multi-front campaign.","The mid-September service-chiefs warning sequence is represented in canonical WARN-15 together with the 15-17 Sep Sinwar 'earthquake'/collision-course chain and its corroboration. Lane-2 recheck found no evidence establishing a separate additional warning event requiring a duplicate entry.","Split only if a distinct dated meeting/message with materially separate warning content and recipients is recovered."
BAR-FEB15-2023-EJ-ESCALATION,2023-02-15,Accepted,Ronen Bar / Shin Bet,Itamar Ben-Gvir,"Bar warned the national security minister that intensified East Jerusalem policing and perceived collective harassment could trigger broad escalation.","Published to Notion as WARN-36 / Medium confidence. Contemporaneous Channel 13 reporting records the direct Bar-Ben Gvir call and Ben Gvir's rejection of the warning/recommendation.","No public recording/transcript; classify as East Jerusalem/internal-security escalation warning, not a Gaza-invasion forecast."
GALLANT-MAR25-2023,2023-03-25,Strong candidate,Yoav Gallant / Defense Minister,Benjamin Netanyahu / government,"Public and private warning of a clear, immediate and tangible danger to state security and military readiness from the internal crisis and reserve-service disruption.","Contemporaneous public speech and multiple reports of private briefings exist.","Separate public professional warning from political dispute; recover exact private warning/meeting record and documented government response."
EXSEC-JUL22-2023-LETTER,2023-07-22,Investigating / exclusion-boundary check,Dozens of former IDF / Mossad / Shin Bet / police chiefs and senior security officials,Benjamin Netanyahu,"Direct letter warning that the government was causing serious harm to the IDF and Israel's security; signatories said they felt as if Israel were on the eve of the Yom Kippur War and were raising a bright-red stop sign.","Contemporaneous Times of Israel, Jerusalem Post and Israeli TV reporting reproduce the warning and direct Netanyahu addressee; coalition response was reported.","Some signatories were also former opposition political figures, including Ehud Barak and Moshe Ya'alon. Determine organizational origin and whether a clearly separable professional-security warning survives the user's exclusion of warnings originating from political rivals before acceptance."
EILAND-AUG23-2023,2023-08-16,Accepted,Maj. Gen. (res.) Giora Eiland / former NSC head and professional security expert,Benjamin Netanyahu,"Direct strategic warning that Iran had matured a coordinated multi-front campaign involving Hezbollah and Hamas; Eiland says he explicitly named Hamas among forces that might storm Israel and described an existential danger.","N12 reported Eiland's Civil Commission testimony in detail; Davar separately quotes Eiland dating the one-on-one meeting to Aug. 16, 2023; later reporting repeats the same sequence. Netanyahu reportedly asked Eiland to pursue/write internal-compromise proposals. Published to Notion as WARN-6 / Medium confidence.","Evidence is retrospective and no contemporaneous meeting minutes/calendar record or written security warning was recovered. No public evidence of an operational readiness action specifically tied to the warning. Treat as multi-front strategic warning, not a date/tactical prediction of Oct. 7."
OCT1-ASSESSMENT-2023,2023-10-01,Accepted / disputed,Ronen Bar and other senior security chiefs,Benjamin Netanyahu / security meeting,"Bar reportedly warned Hamas was preparing something extreme/an 'earthquake' and recommended targeting Sinwar; PMO gives a materially contrary account of Bar's assessment and recommendation.","Published to Notion as WARN-68 / Medium confidence. N12 reporting based on Shin Bet reviews/senior testimony and a 2026 security source support the warning/recommendation; the PMO disputes it and says Bar favored de-escalation while Netanyahu raised targeted action.","No public minutes/recording. Preserve the direct conflict; do not present the warning as a precise prediction of the Oct. 7 invasion or the alleged rejection as settled fact."
BAR-AUG06-JEWISH-TERROR-TRAINING-CONTEXT,2023-08,Context attached to accepted warning,Ronen Bar / Shin Bet + IDF readiness reporting,Benjamin Netanyahu,"Contemporaneous warning on Palestinian escalation was accompanied in Ynet by reporting that heavy West Bank deployment was reducing regular ground-force training and was critical for the next war.","Ynet documented the warning and readiness context in the same Aug. 6 report.","Do not attribute the training statistic itself to Bar unless a primary briefing record shows he presented it; preserve it as contextual readiness evidence."
SEED-BORDER-OBSERVERS-2023,2023,Investigating,IDF border observers / professional military personnel,IDF chain / government receipt unestablished,"Repeated observations concerning unusual Hamas training, hostage-taking drills, border activity and vulnerability before Oct. 7.","Substantial retrospective reporting and some contemporaneous communications are reported.","Trace each distinct warning through command chain and establish whether any reached government-level recipients; do not label internal warnings as government warnings without evidence."
SEED-UNIT8200-2023,2023,Investigating,Unit 8200 / intelligence personnel,Intelligence chain / government receipt unestablished,"Analyst warning(s) that Hamas exercises/plans resembled an invasion scenario.","Major retrospective evidence lane with reported contemporaneous communications.","Recover communications and escalation path; establish whether warning reached senior state or political recipients."
SEED-JERICHO-WALL-2023,2021..2023,Disputed / investigating,Israeli intelligence / military,Senior security decision-makers; government receipt disputed,"Intelligence concerning Hamas's invasion plan often described as the Jericho Wall plan.","Existence of a detailed Hamas plan is well documented; public accounts conflict over when its operational form was known and whether/when it reached Netanyahu or current government officials.","Reconcile primary chronology and PMO denial/limiting account before any government-receipt finding."
SAAR-OCT6-UNSENT-2023,2023-10-06,Internal warning only,Brig. Gen. Amit Saar / IDF Military Intelligence Research Division,IDF intelligence chief and chief of staff; intended for PM/cabinet,"Urgent warning drafted immediately before Oct. 7 about an opportunity perceived by Iran, Hezbollah and Hamas and potential attack/escalation.","Saar later said the warning reached the IDF intelligence chief and chief of staff and was approved for transmission, but the attack occurred before it was sent to Netanyahu/cabinet.","Do not count as a government warning; seek contemporaneous draft/document for internal-warning evidence."
SEED-EGYPT-2023,2023,Split into distinct disputed candidates,Egyptian intelligence/government,Israeli government / recipient varies,"Umbrella seed for reported Egyptian warnings before Oct. 7; now split into distinct recipient/date claims below.","AP-era reporting and Michael McCaul's post-briefing statement support that some warning was given to Israelis, while direct-Netanyahu, NSC and Foreign Ministry versions remain separately disputed.","Do not merge different dates/recipient claims; recover Egyptian or Israeli primary records and authoritative inquiry findings."
EGYPT-OCT4-2023-ISRAELI-OFFICIALS,2023-10-04,Strong candidate / recipient level unresolved,Egyptian government/intelligence,Israeli officials; exact level unresolved,"Warning approximately three days before Oct. 7 that an event like the coming attack could occur / that a major escalation was imminent.","US House Foreign Affairs chair Michael McCaul said after a closed intelligence briefing that Egypt warned the Israelis three days prior and that a warning was given, while explicitly saying the recipient level was unclear. Earlier AP reporting cited an Egyptian intelligence official saying repeated warnings of something big were underestimated.","Need primary US briefing record or Egyptian/Israeli documentation identifying recipient and exact content. Netanyahu and Egyptian-linked media denied a direct warning to him; do not treat this as Netanyahu receipt."
EGYPT-KAMEL-NETANYAHU-LATESEP-2023,2023-09-27,Disputed / investigating,Abbas Kamel / Egyptian General Intelligence,Benjamin Netanyahu,"Ynet-reported claim that Kamel warned Netanyahu roughly 10 days before Oct. 7 that Gaza actors were preparing something unusual / a terrible operation.","The claim was reported immediately after the attack and remains referenced in later reporting; Netanyahu/PMO categorically denied receiving such a warning/call.","Need Egyptian primary confirmation, call metadata, transcript, or authoritative inquiry finding before acceptance."
EGYPT-FOREIGNMIN-NSC-MIDSEP-2023,2023-09,Disputed / investigating,Egyptian delegation / senior Egyptian sources,Israeli Foreign Ministry and National Security Council,"Later reporting says Egyptian officials warned that Gaza was explosive and could blow up, and separately conveyed a focused warning to the NSC that something big was coming.","A December 2025 Israel Hayom investigation cites a senior Egyptian source, several Israeli Foreign Ministry sources and two Israeli political sources. The Foreign Ministry formally denied that the described meeting/information occurred; the NSC said it had no information about a general Foreign Ministry warning and no concrete warning about Oct. 7 or likelihood of war.","Need documentary/meeting records, named witnesses or authoritative inquiry evidence. Keep separate from the Oct. 4 and Kamel-Netanyahu claims."
SEED-UAE-2023,2023-09-27,Disputed,UAE President Mohammed bin Zayed Al Nahyan,Benjamin Netanyahu,"Reported direct warning roughly 10 days before Oct. 7 that Yahya Sinwar was preparing a major operation / that a violent Palestinian explosion was possible.","Notion WARN-5 is now Disputed / Medium. Supporting investigative sourcing and reported MBZ retrospective statements conflict with Netanyahu/PMO's categorical denial and claimed call-log review, plus a 19 Sep 2026 UAE official-source statement that security details are handled through relevant entities rather than at national-leader level.","No public call transcript/log, official inquiry finding or contemporaneous UAE record resolves the contradiction. Do not treat Netanyahu receipt through an MBZ leader-to-leader call as established."
UAE-INTERMEDIARY-SHINBET-MIDSEP-2023,2023-09,Resolved as corroborating chain / dedupe,Fatah intermediary Sufian Abu Zaida plus UAE/Egyptian-linked intermediary channels,Shin Bet / Israeli security officials,"Sinwar's mid-September 'earthquake'/major-surprise warning was relayed through intermediary channels to Shin Bet and then entered the Bar/Netanyahu warning sequence.","Named-intermediary reporting and Abu Zaida's later public self-identification strengthen the upstream provenance. The downstream 15-17 Sep warning and government-receipt sequence is represented in WARN-15; related foreign-channel claims remain separately tracked where provenance/recipient differs.","Do not create a duplicate unless a distinct foreign-government warning event, date, source and recipient is independently established."
OLDER-INHERITED-WARNINGS,pre-2022-12-29,Discovery active,Multiple professional/official sources,Current officeholders where repeated/inherited knowledge is documented,"Older warning chains relevant to Hamas invasion concepts, border vulnerability, deterrence and preparedness.","Older lane remains concurrent rather than deferred.","Search without fixed historical floor, but only attach to current government where receipt/repetition/inherited documented knowledge is evidenced."
