candidate_id,date,location,summary,target_priority,source_lanes,status,linked_incident_id,notes
OCT22-001,2022-10-19,Kisan,"Masked right-wing/settler activists beat Israeli HRDs Hagar Geffen and Michal Hai during olive harvest; severe injuries and equipment theft",Israeli/civil-society,"N12; HRDF; Times of Israel; Local Call",Accepted,ILPV-2022-0087,"Same broader event also targeted Palestinian harvesters; reporting differs by one day on date"
OCT22-002,2022-10-19,Huwara/Tapuah,"Settler riot stones Palestinian vehicles then pepper-sprays four IDF soldiers including battalion commander",Israeli/civil-society,"IDF; Times of Israel; N12; Jerusalem Post",Accepted,ILPV-2022-0088,"Stored as one mixed-target riot; two soldiers explicitly injured"
OCT22-003,2022-10-13,Sheikh Jarrah,"Dozens of settlers attack Palestinian residents and vehicles during neighborhood unrest; serious injury documented",Palestinian,"Local Call; Ynet; HRDF; NAD",Accepted,ILPV-2022-0089,"Ben Gvir present; do not infer every assailant was far-right"
OCT22-004,2022-10-13,Huwara,"Large settler rampage against residents homes shops vehicles and emergency personnel",Palestinian,"Times of Israel; Local Call; NAD; OCHA",Accepted,ILPV-2022-0090,"Multiple same-day Huwara sub-events consolidated to one real-world incident"
OCT22-005,2022-10-04,Burin secondary school,"Settler stone attack injures teacher and 16-year-old student",Palestinian,"Al-Haq; NAD; international/local reporting",Accepted,ILPV-2022-0091,"School-target violence"
OCT22-006,2022-10-06,Ein al-Bayda,"Settlers attack Bedouin tents and beat 16-year-old Ayham Daraghmeh",Palestinian,"WAFA; NAD; IMEMC",Accepted,ILPV-2022-0092,"Named victim hospitalized"
OCT22-007,2022-10-11,Sinjil,"Settlers stone Ghafri family home smashing 11 windows and spray graffiti",Palestinian,"B'Tselem; OCHA",Accepted,ILPV-2022-0093,"Exact B'Tselem image exists"
OCT22-008,2022-10-11,Al-Lubban ash-Sharqiyah,"Settlers block road and stone family car injuring both parents",Palestinian,"B'Tselem; OCHA",Accepted,ILPV-2022-0094,"Exact hospital image exists"
OCT22-009,2022-10-18,Sinjil,"Armed settlers threaten olive harvesters at gunpoint and drive them off land with soldiers' help",Palestinian,"B'Tselem; OCHA",Accepted,ILPV-2022-0095,"Threat/intimidation; no physical injury required for scope"
OCT22-010,2022-10-21,Beit Hadassah/Hebron,"Teen settlers stone Palestinian home and passersby pour water and steal bicycle in front of soldiers",Palestinian,"B'Tselem",Accepted,ILPV-2022-0096,"Exact incident photo exists"
OCT22-011,2022-10-25,Turmus Ayya,"Settlers attack olive harvesters/volunteers and torch two cars",Palestinian,"B'Tselem; OCHA",Accepted,ILPV-2022-0097,"Exact witness photos exist"
OCT22-012,2022-10-29,Wadi a-Nasara/Hebron,"Settlers smash windshield of Haitham al-Ja'bari's parked car",Palestinian,"B'Tselem",Accepted,ILPV-2022-0098,"Exact incident photo exists"
OCT22-013,2022-10-30,Checkpoint 160/Hebron,"Settlers stone Palestinian car passengers and vandalize parked cars while soldiers look on",Palestinian,"B'Tselem",Accepted,ILPV-2022-0099,"Exact injury count still not established"
OCT22-014,2022-10-19,Kisan,"Palestinian olive harvesters/foreign volunteers targeted during same Kisan attack as Hagar Geffen/Michal Hai",Palestinian,"NAD; OCHA; Local Call; HRDF",Merged,ILPV-2022-0087,"Same real-world incident; do not duplicate"
OCT22-015,2022-10-13,Huwara,"Ambulance/civil-defense/shops/homes/individual pepper-spray sub-events during Huwara rampage",Palestinian,"NAD; OCHA; Local Call; Times of Israel",Merged,ILPV-2022-0090,"Sub-events merged into one continuous riot/rampage"
OCT22-016,2022-10-01,Kafr ad-Dik,"Settlers severely beat Rabah Ayoub Ali Ahmed age 62 on farmland",Palestinian,"NAD",Accepted,ILPV-2022-0113,"Partially verified: detailed named/date/location monitoring; no independent incident-level corroboration recovered"
OCT22-017,2022-10-02,Jit junction,"Settlers attack Palestinian government vehicle smash windows and pepper-spray two civilian police",Palestinian,"NAD",Accepted,ILPV-2022-0114,"Partially verified: two officers named; no independent incident-level corroboration recovered"
OCT22-018,2022-10-03,Huwara/Yitzhar junction,"Settler assault injures three civilians and damages ambulance windows",Palestinian,"NAD; WAFA; PCHR; OCHA",Accepted,ILPV-2022-0115,"Verified core event: ambulance attack independently documented; NAD supplies three named settler-caused injuries"
OCT22-019,2022-10-03,Surra junction,"Settlers severely beat Raed Mohsen Hassan",Palestinian,"NAD; PSNA",Accepted,ILPV-2022-0116,"Partially verified: PSNA derives from PMG/NAD, so independent corroboration remains absent"
OCT22-020,2022-10-04,Yitzhar bypass,"Settlers assault Muhammad Ibrahim Dwaikat causing bruises/hospitalization",Palestinian,"Al-Haq; NAD",Accepted,ILPV-2022-0117,"Verified by independent incident-specific human-rights monitoring and NAD"
OCT22-021,2022-10-05,Jorat al-Khail/Sa'ir,"Armed settlers attack Palestinian shepherds; Ibrahim Shalalda injured",Palestinian,"WAFA; NAD; POICA",Accepted,ILPV-2022-0118,"Verified: named victim eyewitness plus independent monitoring; mouth injury documented"
OCT22-022,2022-10-07,Ras Karkar/Kharbatha,"Settlers attack Walid Injas and family during olive harvest injuring him and mother",Palestinian,"NAD; PSNA",Accepted,ILPV-2022-0107,"NAD gives exact names/date/location; matching secondary monitoring digest appears derivative, so retained as Partially verified rather than fully independent corroboration"
OCT22-023,2022-10-09,Wadi Qaddoum/Silwan,"Settler reportedly fires weapon toward Palestinian civilians",Palestinian,"NAD",Accepted,ILPV-2022-0119,"Partially verified threat: no injury/damage reported; independent incident-level corroboration not recovered"
OCT22-024,2022-10-10,Kafr ad-Dik/Bidya,"Settlers assault Raed Abu Seif and son Arafat during olive harvest",Palestinian,"WAFA; PCHR; NAD",Accepted,ILPV-2022-0120,"Core assault independently corroborated; injury outcome disputed because NAD says both hospitalized while WAFA reported no injuries"
OCT22-025,2022-10-10,Tel Rumeidah/Hebron,"Settlers use stones and pepper spray; eight Palestinians affected",Palestinian,"OCHA; WAFA; NAD",Accepted,ILPV-2022-0121,"Verified: OCHA independently records eight injured including three children; hospitalization detail remains monitoring-only"
OCT22-026,2022-10-12,Qusra,"Settler assaults Murad Bani Odeh at chicken farm during broader farm arson attack",Palestinian,"Al-Haq; PCHR; NAD",Accepted,ILPV-2022-0122,"Verified: independent incident documentation supports assault and poultry-farm/truck arson"
OCT22-027,2022-10-12,Yatma,"Settler assault on Moataz Sanubar during olive harvest",Palestinian,"NAD; PSNA",Accepted,ILPV-2022-0123,"Partially verified: PSNA is derivative of PMG/NAD; no independent incident source found"
OCT22-028,2022-10-14,Qabalan,"Settlers uproot/damage about 120 olive saplings",Palestinian,"NAD; OCHA",Accepted,ILPV-2022-0108,"NAD records the exact incident; OCHA independently identifies Qabalan among olive-tree vandalism incidents in the same reporting period"
OCT22-029,2022-10-14,Burin,"Yitzhar-area settlers set fire to agricultural land/olive trees",Palestinian,"Al-Haq; NAD",Accepted,ILPV-2022-0124,"Verified by independent Al-Haq and NAD incident records"
OCT22-030,2022-10-16,Urif secondary school,"Settlers reportedly set fire to school administration room and smash windows",Palestinian,"WAFA; PCHR; NAD",Accepted,ILPV-2022-0109,"WAFA, PCHR and NAD independently document the school arson; exact WAFA incident image recovered"
OCT22-031,2022-10-16,Burin junction,"Settler vehicle reportedly attempts to ram Samer Asaida; victim falls and is hospitalized",Palestinian,"NAD",Accepted,ILPV-2022-0125,"Partially verified: deliberate vehicle-attack mechanism remains single-source and is explicitly caveated"
OCT22-032,2022-10-17,Halamish area,"Settlers reportedly severely beat seven detained Palestinians",Palestinian,"NAD",Unresolved,,"Actor/custody circumstances remain unclear and no independent incident-level corroboration was recovered"
OCT22-033,2022-10-18,Qaffin,"Armed settlers drive farmers from olive harvest and steal about 80kg olives",Palestinian,"B'Tselem; OCHA",Accepted,ILPV-2022-0103,"B'Tselem documents exact armed expulsion/theft; OCHA independently reports Qaffin harvest-produce theft"
OCT22-034,2022-10-19,Jama'in,"Settlers attack olive harvesters and steal harvesting machine/equipment",Palestinian,"NAD",Accepted,ILPV-2022-0126,"Partially verified: detailed monitoring only; no sufficiently independent exact source recovered"
OCT22-035,2022-10-20,Al-Mughayyir,"Settlers damage trees/vines steal produce torch car and chase residents",Palestinian,"B'Tselem; OCHA",Accepted,ILPV-2022-0102,"Exact B'Tselem incident/photo plus independent OCHA harvest-period corroboration"
OCT22-036,2022-10-20,Ni'lin,"Settler vehicle reportedly runs over Muhammad al-Khawaja causing hospitalization",Palestinian,"NAD",Unresolved,,"Injury report located but available evidence does not establish deliberate ramming rather than a road collision; political-violence mechanism remains unresolved"
OCT22-037,2022-10-21,Duma,"Settlers severely beat Mamoun Dawabsheh",Palestinian,"NAD; WAFA",Accepted,ILPV-2022-0127,"Verified: WAFA independently corroborates the named assault and vehicle windshield damage"
OCT22-038,2022-10-21,Burin,"Settlers attack olive-harvesting family; crop stolen; armed settler/firearm and grenade-assistance allegations",Palestinian,"Yesh Din; Jerusalem Post; Times of Israel",Accepted,ILPV-2022-0101,"Two injured; exact Yesh Din video documented. Yesh Din summary has an internal Friday/10-22 date mismatch; contemporary reports establish Friday Oct 21"
OCT22-039,2022-10-22,Qaryut,"Armed settlers detain Palestinian farmers at gunpoint",Palestinian,"NAD",Accepted,ILPV-2022-0128,"Partially verified threat/intimidation: detailed monitoring, no independent exact source recovered"
OCT22-040,2022-10-22,Tzofim area,"Settlers severely beat Mu'tasim Qawariq",Palestinian,"NAD",Accepted,ILPV-2022-0129,"Partially verified: named victim/date/location; no independent exact source recovered"
OCT22-041,2022-10-23,Huwara,"Two female students pepper-sprayed en route to university; homes also attacked same day",Palestinian,"WAFA; NAD",Accepted,ILPV-2022-0110,"WAFA names the sisters through their father and reports treatment; NAD independently records the exact named attack"
OCT22-042,2022-10-25,Tel Rumeidah/Hebron,"Settlers harvest about 50 Palestinian olive trees and steal crop",Palestinian,"B'Tselem; OCHA",Accepted,ILPV-2022-0111,"B'Tselem incident-level field documentation establishes the exact crop theft; OCHA corroborates the broader harvest-period theft pattern"
OCT22-043,2022-10-26,Yasuf,"Settlers disrupt olive harvest and steal produce/equipment",Palestinian,"NAD; OCHA; POICA",Accepted,ILPV-2022-0130,"Verified: exact NAD record plus OCHA/POICA harvest-period corroboration"
OCT22-044,2022-10-27,Kafr Laqif,"Settler stone attack damages Anas Amer's vehicle",Palestinian,"NAD; PCHR",Accepted,ILPV-2022-0131,"Verified core event; exact vehicle owner/date from NAD and independent area attack corroboration from PCHR"
OCT22-045,2022-10-27,Haris,"Settlers stone/assault Mufeed Bushnaq and wife Lana",Palestinian,"NAD; PCHR",Accepted,ILPV-2022-0132,"Partially verified: PCHR corroborates road attacks in the area but not the named couple"
OCT22-046,2022-10-28,Jibya,"Settlers attack olive harvesters; Palestinian and foreign solidarity volunteer injured",Israeli/civil-society,"WAFA; ISM; NAD",Accepted,ILPV-2022-0100,"Mixed Palestinian/foreign-solidarity target. WAFA and ISM corroborate the attack; one casualty counted conservatively to avoid double counting overlapping injury descriptions"
OCT22-047,2022-10-28,Qaryut,"Settlers destroy Palestinian irrigation network",Palestinian,"NAD; OCHA aggregate",Accepted,ILPV-2022-0133,"Partially verified exact event; OCHA independently records water-network damage in the period but not this exact Qaryut incident"
OCT22-048,2022-10-29,Al-Taybeh junction,"Settler stone/assault attack; Falah Kahla hospitalized and vehicle damaged; Hassan Ajaj assaulted",Palestinian,"NAD",Accepted,ILPV-2022-0134,"Partially verified: detailed named monitoring; no independent exact source recovered"
OCT22-049,2022-10-29,Za'tara junction,"Settler stones damage vehicle and injure Shaher Shehadeh Saeed",Palestinian,"NAD",Accepted,ILPV-2022-0135,"Partially verified: detailed named monitoring; no independent exact source recovered"
OCT22-050,2022-10-29,Hebron district,"Multi-location wave of settler attacks on residents/homes including Wadi Sa'ir Wadi al-Hussein Old City and other locations",Palestinian,"NAD; OCHA; PCHR",Unresolved,,"Broad wave cannot safely be treated as one incident; overlaps existing Wadi a-Nasara record. The specific 23:00 Wadi al-Hussein gunfire subevent has now been split to ILPV-2022-0153; remaining multi-location attacks still require safe event-level splitting."
OCT22-051,2022-10-30,Al-Lubban ash-Sharqiyah,"Settler stone attack injures Ayed Munir Ahmad al-Deek",Palestinian,"NAD; local reporting",Accepted,ILPV-2022-0136,"Partially verified: core settler attack locally corroborated; named hospitalization comes from NAD/PMG monitoring"
OCT22-052,2022-10-30,Beit Furik checkpoint,"Settler stone/physical attack injures Palestinians and damages vehicles",Palestinian,"WAFA; Safa; NAD; POICA",Accepted,ILPV-2022-0137,"Verified core attack. WAFA/Safa/POICA report at least three injured; NAD names four, so canonical injury count is conservatively three"
OCT22-053,2022-10-30,Za'tara junction,"Settler stone attack injures Ahmed Tabliyeh who is hospitalized",Palestinian,"NAD",Accepted,ILPV-2022-0138,"Partially verified: detailed named monitoring; no independent exact source recovered"
OCT22-054,2022-10-30,Janata,"Settler reportedly fires near/toward Shadi al-Hashlamoun's vehicle",Palestinian,"NAD; derivative monitoring",Accepted,ILPV-2022-0139,"Partially verified threat: no injury/damage; directional wording is conservatively caveated"
OCT22-055,2022-10-31,Tarqumiya/Al-Hardash,"Settlers uproot/cut about 100 olive trees belonging to named Palestinian owners",Palestinian,"WAFA; NAD",Accepted,ILPV-2022-0112,"WAFA and NAD independently identify the date, place, approximate tree count, owners and settler origin"
OCT22-056,2022-10-23,Kfar Saba,"Likud campaign activist Tali Gilboa arrested on suspicion of assaulting and spitting at Yesh Atid activists; both sides allege they were attacked",Israeli/civil-society,"Ynet; News 13; Mako",Accepted,ILPV-2022-0104,"Disputed incident: Likud affiliation is explicit, but direction of the assault is contested and visible in the canonical caveat"
OCT22-057,2022-10-24,Moses Bridge Tel Aviv,"Likud campaign activist attacks Yesh Atid activist Alster Moran after tearing campaign signs; police arrest reported",Israeli/civil-society,"Srugim; IsraelInfo",Accepted,ILPV-2022-0105,"Partially verified; exact article-hosted incident frame recovered; original social/video post remains unresolved"
OCT22-058,2022-10-31,Givat Shmuel,"Two men vandalizing Yesh Atid signs attack activist Gilad Shrem with pepper spray and a box cutter and break his phone",Israeli/civil-society,"Ynet",Accepted,ILPV-2022-0106,"Partially verified; attackers unidentified, so politics remain unclear rather than inferred from sign vandalism; exact incident photo recovered"
OCT22-059,2022-10-21,Sheikh Jarrah,"Settlers harass participants and residents at weekly Sheikh Jarrah protest with racist insults and tear Palestinian flag",Palestinian,"WAFA; Safa; SND; Sawa",Accepted,ILPV-2022-0140,"Partially verified because contemporaneous reports appear to share a local-witness stream; exact incident imagery/article exists but direct original asset not recovered"
OCT22-060,2022-10-21,Sikka/Dura,"Settlers assault olive harvesters; child Ahmad Saeed Abu Eida injured with bruises",Palestinian,"WAFA; Safa; Najah News; local reporting",Accepted,ILPV-2022-0141,"Verified core assault and named child injury; exact media not recovered"
OCT22-061,2022-10-04,Huwwara Secondary School for Boys,"Settlers stone school; principal and two students injured; roughly 250 students forced from classes",Palestinian,"Al-Haq; OCHA",Accepted,ILPV-2022-0142,"Distinct from the same-week Burin school attack; independently documented"
OCT22-062,2022-10-05,Al-Farisiya,"Settlers destroy solar equipment residential tent and water tanks belonging to Raed Muhammad Faris Sobeih",Palestinian,"NAD; Al-Haq",Accepted,ILPV-2022-0143,"Exact owner/date/property damage independently described"
OCT22-063,2022-10-07,Kiryat Arba west,"Settlers cut branches from eight olive trees belonging to Abdul Karim Al-Jabari",Palestinian,"NAD; Al-Haq",Accepted,ILPV-2022-0144,"Independent monitoring agrees on owner location and damage"
OCT22-064,2022-10-08,Bardala,"Settlers destroy large cucumber crop in greenhouses",Palestinian,"NAD; Al-Haq",Accepted,ILPV-2022-0145,"One-day date discrepancy: NAD Oct 8; Al-Haq appears to date same Bardala crop attack Oct 9; retained as Partially verified"
OCT22-065,2022-10-10,Qarawat Bani Hassan,"Havat Ya'er settlers cut and damage five olive trees belonging to Ahmed Mar'i",Palestinian,"POICA; OCHA",Accepted,ILPV-2022-0146,"POICA exact incident plus OCHA locality-level tree-vandalism corroboration; exact POICA incident photos exist but durable direct asset URL remains unresolved"
OCT22-066,2022-10-13,Al-Qanub,"Settlers throw smoke grenades into Palestinian farmland",Palestinian,"B'Tselem",Accepted,ILPV-2022-0147,"Exact B'Tselem incident documentation; independent incident-level corroboration not recovered"
OCT22-067,2022-10-13,Azmut,"Elon Moreh settlers attack Palestinian olive pickers during harvest",Palestinian,"WAFA; NAD; OCHA",Accepted,ILPV-2022-0148,"No injuries reported; independently supported harvest-attack record"
OCT22-068,2022-10-13,Yasuf,"Settlers steal Palestinian olive crop from village agricultural land",Palestinian,"NAD; OCHA",Accepted,ILPV-2022-0149,"Exact monitoring record plus OCHA locality-level crop-theft corroboration"
OCT22-069,2022-10-14,Ya'bad,"Armed settlers drive olive harvesters off land at gunpoint and steal 20 sacks of olives plus equipment",Palestinian,"B'Tselem; OCHA",Accepted,ILPV-2022-0150,"Exact B'Tselem incident plus OCHA harvest-theft corroboration"
OCT22-070,2022-10-15,Yasuf,"Settlers assault olive harvesters and steal four harvest mats",Palestinian,"NAD; OCHA aggregate",Accepted,ILPV-2022-0151,"Exact NAD incident; broader Yasuf harvest violence corroborated but exact event not independently isolated"
OCT22-071,2022-10-13,Road 90 near Bardala,"Settlers burn Mahmoud Tawfiq Sawafta's vegetable stand and damage nearby Palestinian produce stands",Palestinian,"NAD; IMEMC; ARIJ",Accepted,ILPV-2022-0152,"Named burned stand plus independently reported produce-stand attacks near Bardala that night"
OCT22-072,2022-10-13,Huwara,"Nurse Hala Ahmad Halima pepper-sprayed and stoned during same Huwara rampage already represented by ILPV-2022-0090",Palestinian,"IMEMC; NAD; Times of Israel; Local Call",Merged,ILPV-2022-0090,"Additional named subincident/source merged into existing continuous Huwara riot rather than duplicated"
OCT22-073,2022-10-29,Wadi al-Hussein,"Kiryat Arba settlers open fire toward Palestinian homes; no injuries reported",Palestinian,"NAD; Palestine Online",Accepted,ILPV-2022-0153,"Split from broad OCT22-050 Hebron wave; independently corroborated eyewitness gunfire incident"
